document_id,document_description,user_id,image_url,uploaded_at,expired
"1","سهم نفسها أين أخت خط يتعقب.","1","https://picsum.photos/seed/h4q3PvO0mg/685/1360","2025-05-25T08:40:34.801Z","false"
"2","اتحداك قوة أقول.","2","https://picsum.photos/seed/VwLkgrv5/3407/2431","2025-05-24T23:55:11.714Z","true"
"3","مكاتب طاولة عليه الأساسي بهجة يستوعب أخيرا برونز ل.","3","https://loremflickr.com/276/1819?lock=4920039015078647","2025-05-25T11:35:06.066Z","true"
"4","تريد يتبنى لذا وفير.","4","https://loremflickr.com/2992/2931?lock=8040802522130300","2025-05-25T10:01:42.852Z","false"
"5","الغزل مُطبَّق شئ قميص كشط صحيح رجل مشين مائة.","5","https://loremflickr.com/1114/3386?lock=935855511033352","2025-05-25T12:53:37.308Z","true"
"6","سريع انتصار سأشرح اصرخ بجوار يأمل عريض.","6","https://picsum.photos/seed/pd6svK6LFn/1295/2400","2025-05-24T18:34:57.975Z","true"
"7","تحت فجأة بلطف إمضاء نفع عصفور.","7","https://picsum.photos/seed/KnozE8d/2491/186","2025-05-25T10:52:15.020Z","false"
"8","أسلم مقرر يصلح مدينة المد أخرى يدق كنز سألتصق.","8","https://loremflickr.com/980/2648?lock=8683058734890044","2025-05-25T12:07:00.440Z","false"
"9","وسوف مرحبا الأمل علي الجرأة منتصف نسر أفترض كلا أَخَّاذ.","9","https://picsum.photos/seed/R6KWOELG/2702/2309","2025-05-24T19:40:08.654Z","true"
"10","فشيأ لذلك سبب.","10","https://picsum.photos/seed/9rDaDVTEq/273/364","2025-05-24T19:02:01.585Z","true"
"11","البقية ذلك المختارون الجميع نقود يفترض تبعًا يفضل سريع شيء.","11","https://picsum.photos/seed/5Z950psvK/74/1277","2025-05-24T23:53:46.434Z","false"
"12","إلتواء عم كتف بالكاد متنوع واسع كشط كلا.","12","https://picsum.photos/seed/YrE0V6QKKl/3744/2018","2025-05-25T01:31:59.428Z","true"
"13","أطلق أقسى بالغ حزينين مكعب يتحقق سلسلة مرسوم.","13","https://picsum.photos/seed/i5sRZ/3885/349","2025-05-25T00:21:25.872Z","false"
"14","كيك أسقط الأليف أساس نستنتج.","14","https://loremflickr.com/2221/790?lock=5283446463240928","2025-05-25T09:36:41.111Z","true"
"15","إنني المحدد طريق ارباح أجوف.","15","https://picsum.photos/seed/M9XaDJZ3/708/1014","2025-05-24T16:56:34.672Z","false"
"16","عمل بيئة الأساسي شاهد.","16","https://loremflickr.com/1089/2155?lock=4930833067347795","2025-05-24T20:31:20.692Z","true"
"17","للمتابعة وسعنا سأخبرك ادافع هي لأن التشقلب امتعة.","17","https://picsum.photos/seed/0WtZDeGS0/81/3645","2025-05-24T15:34:53.240Z","false"
"18","يقولون رعاية أحمل الفائز.","18","https://loremflickr.com/1309/1747?lock=2153588037090644","2025-05-24T21:09:53.641Z","false"
"19","رفيع كنز المختارون كلا أعيش.","19","https://picsum.photos/seed/wnhciGS/3507/3968","2025-05-25T05:40:18.198Z","false"
"20","بحكمة وذلك يتبنى انعش.","20","https://picsum.photos/seed/G5AzluaO/2522/1823","2025-05-25T06:53:19.805Z","false"
"21","فشيأ بكمل ثم الشاعر.","21","https://picsum.photos/seed/PFhdz1V/2001/2528","2025-05-25T10:42:07.669Z","false"
"22","والتكامل ذيل إلى المدينة صحة إخلاء أي.","22","https://loremflickr.com/2837/1285?lock=4636189326909823","2025-05-25T10:37:06.464Z","false"
"23","اكل سهم نستنتج وسوف الموعد فوق حقيقة الضرورات.","23","https://picsum.photos/seed/DkBqdmU/97/3695","2025-05-24T20:11:47.578Z","false"
"24","فن جهد معماري هواء رهيب أخسر حضري.","24","https://loremflickr.com/586/3927?lock=969975378606782","2025-05-25T04:50:01.378Z","true"
"25","ادافع خطة قديم واع متطوع.","25","https://loremflickr.com/3919/1429?lock=6473492112012144","2025-05-24T13:48:30.900Z","false"
"26","صده أمشط معماري مظلمة.","26","https://loremflickr.com/3795/291?lock=9002334018977847","2025-05-24T13:08:37.121Z","true"
"27","يسامح طعام مجموعة حقيقي التشقلب مرات نكون الحقيقة أقول خفض.","27","https://loremflickr.com/529/3927?lock=8944994573590210","2025-05-25T08:07:34.764Z","true"
"28","يتمتع مقبول لطيف متطابقة آلام غالباً رفض مزيج كيك حساب.","28","https://picsum.photos/seed/Zb55GsDohV/3028/1679","2025-05-25T05:59:45.289Z","true"
"29","عجز أسلم أسقط.","29","https://loremflickr.com/232/3918?lock=708152362079540","2025-05-25T09:13:54.788Z","false"
"30","مريح أقول متماسك ثالاسانوس متقلب اشرب.","30","https://picsum.photos/seed/WWmvpu6A/3624/5","2025-05-25T01:53:37.746Z","false"
"31","ضجة دعوى سأفتح الوادي قطة استوديو تدريبات حساس.","31","https://loremflickr.com/115/2700?lock=3072536350223815","2025-05-24T13:15:56.628Z","false"
"32","كلب إذا كلاهما الرأفة سألتصق معركة.","32","https://picsum.photos/seed/W6sKXbsFg/3588/1184","2025-05-24T23:28:47.791Z","true"
"33","حجرة شائع متوسط سرور مرهق مساء المحيط مُطبَّق برونز القليل.","33","https://picsum.photos/seed/qtZozv/1949/1239","2025-05-24T23:47:24.483Z","false"
"34","طريق ادافع دور لجأ سير بالغ المقصود.","34","https://picsum.photos/seed/N4to1/172/955","2025-05-25T09:01:19.715Z","true"
"35","يلمس يعبر تاج مرهق متطابقة.","35","https://picsum.photos/seed/E09Ovo/733/159","2025-05-25T05:11:01.465Z","true"
"36","صديق هو ما طباشير مستقر أحاول يتعقب السرج.","36","https://picsum.photos/seed/3B7aIy/1571/3721","2025-05-24T15:32:09.477Z","true"
"37","أفتح جمع تنبيه كثيرة مسرح بالفعل.","37","https://picsum.photos/seed/GEc3PzD9/2917/3107","2025-05-25T00:09:41.261Z","false"
"38","عن التسلق محبوب خفض امتعة واع زعتر رابطة.","38","https://picsum.photos/seed/36u8s2d0/1894/955","2025-05-24T23:29:21.858Z","false"
"39","انتصار سرور مع يفتح الذي مجال.","39","https://picsum.photos/seed/HlcnfrW/984/3723","2025-05-25T04:11:34.975Z","true"
"40","أعيش لون يعبر عادة متشوق اقود مصلح.","40","https://picsum.photos/seed/jowyjW/47/3522","2025-05-24T19:05:16.585Z","true"
"41","صريح مرات لماذا أعلى كلب.","41","https://loremflickr.com/3277/1666?lock=6906843475295228","2025-05-25T10:56:24.599Z","false"
"42","سيارة الموعد الحضارة مسرح لماذا يأتي أفتح فاجأ.","42","https://picsum.photos/seed/NLuShw/1109/1675","2025-05-25T10:46:35.730Z","false"
"43","مادة حسنة ينظر سنشتاق فاجأ اجل المختارون الجرأة مرحبًا.","43","https://loremflickr.com/1931/93?lock=6260060080396043","2025-05-25T12:09:18.969Z","true"
"44","يزيل سلسلة إليك مهارات التسلق حجاب أحب أعتقد يحل اخذت.","44","https://picsum.photos/seed/ILrOQF/2019/3170","2025-05-25T05:47:44.175Z","true"
"45","هم دعه استوديو.","45","https://loremflickr.com/52/2174?lock=1955108636386715","2025-05-24T18:18:24.813Z","true"
"46","يمين محل الحياة يبدو مشط.","46","https://loremflickr.com/2940/2449?lock=238729019182718","2025-05-25T09:12:52.331Z","true"
"47","مهارات اشرب ارباح يكلف ايقاد أَخَّاذ تعال.","47","https://loremflickr.com/2618/808?lock=8371570374107133","2025-05-25T06:26:31.455Z","true"
"48","مجال مخترع لوت رياح كرس.","48","https://loremflickr.com/2672/2068?lock=8991706823384258","2025-05-25T02:27:06.700Z","true"
"49","مال مرارًا أكون الحياة.","49","https://picsum.photos/seed/ThqFum0z/1184/2544","2025-05-24T16:09:48.449Z","false"