store_id,internal_store_id,product_data_ar_jsonb,product_data_en_jsonb
"8a1f0c2c-36fb-47c7-918c-1b6386b82b54","1","{""category"":[{""category_id"":""62ab333b-9c84-4f1b-b88e-b1b1d25215d3"",""name"":""Japanese"",""order"":64},{""category_id"":""0942c5c3-b416-482a-9a73-158bab41cdf1"",""name"":""Indonesian"",""order"":77},{""category_id"":""6216f9fd-aef2-4fbe-acd6-1ffa0f97eab6"",""name"":""Polish"",""order"":21},{""category_id"":""86e7310c-9c31-4782-8cd1-1a2e31fa6840"",""name"":""Spanish"",""order"":1},{""category_id"":""731cd3f1-5d0e-4acb-8a4d-9d85dd042c7c"",""name"":""Armenian"",""order"":65},{""category_id"":""9e4657d9-efc3-4113-ad7a-cfae63d36585"",""name"":""Lebanese"",""order"":46}],""items"":[[],[],[],[],[],[]],""modifiers"":[{""modifiers_item_id"":""6177df67-2354-466f-b00f-bf1ba99e7a95"",""name"":""tender"",""price"":45012,""is_default"":""205cb05c-ea6d-4fc3-bbf0-4cc248616d5a"",""order"":14,""is_enable"":""81270387-997d-4211-8f75-deb41e83cb7f""},{""modifiers_item_id"":""9b2e4c55-7477-4850-9ac0-0d2459ec3b31"",""name"":""juicy"",""price"":71093,""is_default"":""639df1f3-904c-4de1-93e1-74aabb70e1bd"",""order"":116,""is_enable"":""3f9e7d3d-c7a7-44df-b33e-831f83cd73d0""}]}","{""category"":[{""category_id"":""b11bf93c-5263-4a76-bf0b-69589c7601c0"",""name"":""Nepalese"",""order"":98}],""items"":[[],[],[],[],[],[]],""modifiers"":[{""modifiers_item_id"":""233ce9eb-499b-4b36-ae0f-ce30d87c1e5c"",""name"":""smoky"",""price"":77748,""is_default"":""6e908c2c-2792-47aa-b127-1c1f284c4f9a"",""order"":99,""is_enable"":""a8ab954f-f32a-4c8e-ae1c-d0ceffe8fe54""},{""modifiers_item_id"":""ab8c2dcd-2aa4-49ae-aabb-427c25f05d70"",""name"":""creamy"",""price"":29472,""is_default"":""84129d52-347c-4067-8465-23c6a3e22989"",""order"":86,""is_enable"":""01862991-b5c0-42b9-a622-ca4f1dc05e61""},{""modifiers_item_id"":""a0caf052-8ad9-4f06-978d-ee096880f326"",""name"":""spicy"",""price"":72545,""is_default"":""60b269ea-f99b-44b1-a66e-80777dcc3f7f"",""order"":34,""is_enable"":""8ab17df4-0e26-4ae3-b41e-787b118910b3""}]}"
"2c9da0e7-c032-444c-b643-121c4c395f60","2","{""category"":[{""category_id"":""2c9da0e7-c032-444c-b643-121c4c395f60"",""name"":""German"",""order"":16},{""category_id"":""ad9202f1-a930-4a43-a0bd-371de8cc0667"",""name"":""Slovak"",""order"":39},{""category_id"":""9ef4c749-a081-4d8b-801c-f389a8a9edc4"",""name"":""Tatar"",""order"":71},{""category_id"":""cf8736e3-f0e3-47e7-a331-cc61f80290d6"",""name"":""Jewish - Israeli"",""order"":26},{""category_id"":""9d9488e9-56a4-47c1-8b44-f1cbcbe596a1"",""name"":""Persian"",""order"":29}],""items"":[[],[],[],[],[],[],[]],""modifiers"":[]}","{""category"":[{""category_id"":""e6f9f6fc-17ef-44fa-bb4b-261aaeb90aaf"",""name"":""Indian Chinese"",""order"":71},{""category_id"":""bf6137ae-208c-4f91-a7c9-647a93f7fa54"",""name"":""Jewish - Israeli"",""order"":28},{""category_id"":""5e7b2d0a-0f5c-40f7-8f49-0722cf80d9b4"",""name"":""South Indian"",""order"":22},{""category_id"":""3ca775a2-75be-4e6b-afc9-c756c8e52229"",""name"":""Greek"",""order"":41}],""items"":[[]],""modifiers"":[{""modifiers_item_id"":""4670b375-5a64-431d-9a03-9ce0fffeea2f"",""name"":""sour"",""price"":6994,""is_default"":""18b20f6e-2b0c-49b5-be78-9db0b5f42de9"",""order"":87,""is_enable"":""e06cc2ee-de9e-4c9c-8cfc-3b59f81a8a24""},{""modifiers_item_id"":""99068942-f219-4a23-898e-f9a702ab4909"",""name"":""crispy"",""price"":41821,""is_default"":""70cd073c-4af6-4f93-b188-61f0036a31ec"",""order"":131,""is_enable"":""fbaab3e9-fb3f-4136-a990-7dd3711974f3""}]}"
"ccf027ac-5288-4fe1-84c4-82130ed52df8","3","{""category"":[{""category_id"":""516ff13f-cf65-47bf-ac68-8261d8bba2fe"",""name"":""Peranakan"",""order"":55},{""category_id"":""b368eae7-6495-4f91-8925-8f17917983fa"",""name"":""Irish"",""order"":3}],""items"":[[],[],[],[],[],[]],""modifiers"":[{""modifiers_item_id"":""7669cb09-829d-4246-8915-07cc50803d3f"",""name"":""creamy"",""price"":4161,""is_default"":""ca6c68dc-ac45-4169-9589-ec1235b183f3"",""order"":105,""is_enable"":""77c369f2-a370-4cae-a034-519576bab7e9""},{""modifiers_item_id"":""b7ae53ec-99b4-46a7-86e5-c7e2b1e58d3d"",""name"":""creamy"",""price"":561,""is_default"":""70ded18b-c16c-4222-ae76-6786fb6beabb"",""order"":150,""is_enable"":""fa813934-84e7-4ad2-b665-8af4dd371614""},{""modifiers_item_id"":""3226ea81-e8cf-46d2-91b2-accb2dac0ad5"",""name"":""golden"",""price"":7985,""is_default"":""cccc3872-f3e5-4aea-a07a-e72d8a6122e7"",""order"":71,""is_enable"":""7f8d101f-2397-4169-9900-a6dd0b63b130""},{""modifiers_item_id"":""16fc4487-e0a3-4e03-afd6-9174f15bd2cd"",""name"":""juicy"",""price"":89829,""is_default"":""83f2be19-415c-4cbf-bab3-de5f277e036b"",""order"":116,""is_enable"":""60ab6a73-9a84-4b99-acb0-e5f6c1597c75""}]}","{""category"":[{""category_id"":""9a29cfd2-6515-497d-9ae4-55b3964df37d"",""name"":""Cajun"",""order"":61},{""category_id"":""8d1f0bb8-12d8-4c16-baf2-af479e292a33"",""name"":""Gujarati"",""order"":70},{""category_id"":""ea006181-7605-4727-8508-12ec75a03653"",""name"":""Arab"",""order"":90},{""category_id"":""febfc8c1-3ee8-4b45-a364-efc3e15de1e7"",""name"":""Sindhi"",""order"":64},{""category_id"":""6a63b9e2-bae9-41d5-bc4f-c89d4868ef47"",""name"":""Québécois"",""order"":11},{""category_id"":""3f2df583-4b86-4b07-9759-379c55599994"",""name"":""German"",""order"":6},{""category_id"":""02247c75-6337-4e13-b5da-89ef9aad627c"",""name"":""Czech"",""order"":3},{""category_id"":""46b18337-b80f-43df-81ac-fbf03f2f08a2"",""name"":""Ethiopian"",""order"":90},{""category_id"":""2769a679-b92c-4f24-93f1-cc1ad35e1532"",""name"":""Louisiana Creole"",""order"":1},{""category_id"":""8f5e4dc4-bd7d-4103-af71-c7612d37a914"",""name"":""Ukrainian"",""order"":93}],""items"":[],""modifiers"":[{""modifiers_item_id"":""c8064e94-0549-42a7-9ee8-80bdf8aa973b"",""name"":""tangy"",""price"":96381,""is_default"":""59c0303c-85d5-4bb6-9d41-f422302d6ad2"",""order"":150,""is_enable"":""f37e7cb4-a6ea-41c1-bc94-fd38f4326ea8""},{""modifiers_item_id"":""5d4b07cd-ca5d-4c6d-b846-340bf5a99683"",""name"":""salty"",""price"":80420,""is_default"":""60f0e534-6f18-4e33-b919-10ab86a905e1"",""order"":171,""is_enable"":""db15f0e6-9acf-4473-bfbb-6497f53493e0""},{""modifiers_item_id"":""9e315a0d-6905-48c7-b1f4-6f25629b132d"",""name"":""crunchy"",""price"":71794,""is_default"":""5c320b9f-4a72-4fd5-b27f-a424f8e42e44"",""order"":148,""is_enable"":""951a6407-1bf9-4a4b-aae6-0df53f5e1802""},{""modifiers_item_id"":""ac20f08f-10c0-48d2-bfe0-a25708bdc866"",""name"":""golden"",""price"":89283,""is_default"":""049172a7-3cb7-40fe-b855-7fb8b26c118b"",""order"":154,""is_enable"":""95754e0e-6a2c-4c91-85a7-830c18862024""}]}"
"3f59d9ac-e7c7-4ce9-b2a8-88bb8c1b3fa1","4","{""category"":[{""category_id"":""bd99581d-b443-4f99-8e17-415a6b5441bd"",""name"":""Odia"",""order"":33},{""category_id"":""3a199d0c-2323-4d6e-8759-88db411b6995"",""name"":""Peranakan"",""order"":53},{""category_id"":""a0a27529-29ad-4119-aa0b-0c6f3c3b2a1b"",""name"":""Indian Singaporean"",""order"":76},{""category_id"":""7e3e668c-8381-4a8b-a317-4ec56193a5f8"",""name"":""Danish"",""order"":78},{""category_id"":""73259eb1-d118-466f-9569-4ec441905c64"",""name"":""Vietnamese"",""order"":47},{""category_id"":""5eb1ce9f-e483-499d-9811-58fb39e091ab"",""name"":""Andhra"",""order"":60},{""category_id"":""f4c261c1-fd3f-4287-9aff-b18a61086140"",""name"":""Mediterranean"",""order"":43},{""category_id"":""0961f9a6-8e78-4b55-b584-f7ec706524f2"",""name"":""Japanese"",""order"":25},{""category_id"":""13288fbb-dee4-43e2-a726-237012b9bc08"",""name"":""Mexican"",""order"":94},{""category_id"":""34206fbd-9529-45f3-a0ff-c5d25fdb240b"",""name"":""Soviet"",""order"":14}],""items"":[[],[],[]],""modifiers"":[{""modifiers_item_id"":""e9cce67c-2dab-44f1-b785-e64af30f28dc"",""name"":""golden"",""price"":75475,""is_default"":""c4194ea1-be0f-49a3-bd6d-3cfba1c84376"",""order"":185,""is_enable"":""0afadabf-e09d-4861-a580-7e6ecc8cc192""},{""modifiers_item_id"":""56fa5f1c-b317-4cba-9556-a37fd763d4e2"",""name"":""bitter"",""price"":10757,""is_default"":""5fd5b352-0509-4049-974e-031ff76793fd"",""order"":1,""is_enable"":""f9cd7afa-89a1-4b34-828c-b00b4dd09c3c""},{""modifiers_item_id"":""9c79ace5-7593-4cb5-9ee0-ba941443508c"",""name"":""crunchy"",""price"":28771,""is_default"":""5afcb667-c2d7-4063-ad16-d5f5b02a4a78"",""order"":168,""is_enable"":""36774209-326b-41fd-8790-8a1a20569459""},{""modifiers_item_id"":""533b57cc-e007-4d64-ad6a-e2d732bdab97"",""name"":""fresh"",""price"":10577,""is_default"":""c933f4bf-5041-4886-b9c0-1bbd59a142cb"",""order"":106,""is_enable"":""0f7576b3-3d78-4c2a-b04e-0ca5d69535c9""}]}","{""category"":[{""category_id"":""ce83b868-a841-4d8a-8789-2cd0a2d596e5"",""name"":""Gujarati"",""order"":79},{""category_id"":""472630c3-db17-49fd-85b5-ecdc3933b3d3"",""name"":""Udupi"",""order"":93},{""category_id"":""db75fc4e-2512-4acc-b87d-eb1cd366c0b5"",""name"":""Nepalese"",""order"":66}],""items"":[[],[],[],[],[],[],[],[],[],[]],""modifiers"":[]}"
"6df2e177-2920-4477-8841-7db21d003020","5","{""category"":[{""category_id"":""5f752cb9-32ae-4f2f-bbea-5416e90ba3ab"",""name"":""Keralite"",""order"":89}],""items"":[[],[]],""modifiers"":[{""modifiers_item_id"":""34676060-ceea-42bf-9897-4a4f5008ec6b"",""name"":""moist"",""price"":72177,""is_default"":""caad5d4f-9073-4f77-a00f-a7ed156e283d"",""order"":38,""is_enable"":""4e2e58ce-5c6a-4bad-a14d-c28d8725018e""},{""modifiers_item_id"":""95206dd5-53e3-4761-a7da-be58a5c4fa97"",""name"":""zesty"",""price"":70830,""is_default"":""96c91cf3-cca0-4d3d-b745-cba8340861ab"",""order"":97,""is_enable"":""1c876dfd-269b-40e7-921a-2b2a2cf33c06""},{""modifiers_item_id"":""245c5226-52ac-4232-be48-d7860faa56fc"",""name"":""sweet"",""price"":40683,""is_default"":""2bbeda03-9e15-40b3-a134-37b6af680859"",""order"":97,""is_enable"":""48f91666-b655-4cd0-8288-7cf276abc52d""}]}","{""category"":[{""category_id"":""c76a7e08-ce93-4496-8490-12e8c0b0cfc8"",""name"":""Mordovian"",""order"":11},{""category_id"":""6c8a842d-279d-4506-b7c6-22ecab1ed942"",""name"":""Mangalorean"",""order"":20},{""category_id"":""e4290a63-02d8-4b06-bc55-ecdff868d2b0"",""name"":""Lithuanian"",""order"":25}],""items"":[[],[],[],[],[],[],[],[]],""modifiers"":[{""modifiers_item_id"":""47567e86-685d-4f4f-b07b-29444fc0c8a8"",""name"":""tender"",""price"":96668,""is_default"":""9c390ce5-473c-47d2-9b35-e5992f600867"",""order"":72,""is_enable"":""a1ebe456-838f-43ca-8708-a7a0546de52a""},{""modifiers_item_id"":""f71f5b36-c029-4a4c-8c87-329775d2391c"",""name"":""tender"",""price"":72128,""is_default"":""56f517c0-7457-4b5d-8d0e-450e7c35a5aa"",""order"":174,""is_enable"":""547432bb-c2dc-4b01-9fc3-c6f6701eb335""}]}"
"255236cf-98e5-4bf5-b282-cc3ef02ae9f1","6","{""category"":[{""category_id"":""17ed29ce-fca5-474f-bdbd-8dac682311b3"",""name"":""Jamaican"",""order"":75},{""category_id"":""bce05f76-d0cd-4a2c-811e-ea8a2dde15be"",""name"":""Slovak"",""order"":56},{""category_id"":""bec64eea-f9d2-4cdf-a1e4-7e8a188296b0"",""name"":""Anglo-Indian"",""order"":17},{""category_id"":""998f1752-5984-430a-a609-3532efd58b0c"",""name"":""British"",""order"":33},{""category_id"":""290cb085-9697-4f7d-9bda-aac63fdd0344"",""name"":""Sami"",""order"":90},{""category_id"":""ccb34eee-27c0-442c-a46d-ca2990c55607"",""name"":""Somali"",""order"":36}],""items"":[[],[],[],[]],""modifiers"":[{""modifiers_item_id"":""69c04026-de89-4f8f-a973-1db89646aadc"",""name"":""tangy"",""price"":18792,""is_default"":""e8b5d200-5f3b-4351-aee3-15f14ded5fc7"",""order"":95,""is_enable"":""85bf2a66-5c84-4bf9-a335-ac1de4d0bc6c""}]}","{""category"":[{""category_id"":""02f49bcb-b26b-4743-a3b8-623eefba811c"",""name"":""Laotian"",""order"":81},{""category_id"":""22279662-cdcf-46bc-b5e4-1440a5cdc084"",""name"":""Nepalese"",""order"":36},{""category_id"":""440f5ead-a9f3-4c5f-b695-bfa121d966c9"",""name"":""Berber"",""order"":69},{""category_id"":""dfb4f2af-7b7b-4c49-b5d3-a2a37941150f"",""name"":""Sindhi"",""order"":99},{""category_id"":""581d4244-ebae-4998-82bc-5843d8031f8b"",""name"":""Eritrean"",""order"":75},{""category_id"":""2cab4010-df0b-4f6a-ad26-30a6355998e8"",""name"":""Karnataka"",""order"":95},{""category_id"":""07d92fd2-1c00-4f3c-a294-82f6681c7a82"",""name"":""Lebanese"",""order"":52}],""items"":[[],[],[],[],[],[],[],[],[]],""modifiers"":[{""modifiers_item_id"":""7c7fd664-0c8a-461c-9d88-d9ae76c4817f"",""name"":""savory"",""price"":47943,""is_default"":""0b693701-70c8-4563-8d24-4ea8e14c5405"",""order"":18,""is_enable"":""eac56898-96d6-4b14-980b-ec0070599f02""},{""modifiers_item_id"":""b31eeff5-2cf7-4fd7-9049-79f5e1fe9f73"",""name"":""sour"",""price"":81079,""is_default"":""e843025b-a541-4876-82f4-00b8e0eb76dc"",""order"":49,""is_enable"":""e2603df3-34df-4a1e-b527-0ab67700c701""},{""modifiers_item_id"":""1e43e094-2c17-44aa-b701-fc39512428e9"",""name"":""fluffy"",""price"":36018,""is_default"":""299f21f7-8073-47ca-9201-6f5ffd22adca"",""order"":116,""is_enable"":""00a3fce4-8dfe-45dd-b840-bfa6686a5c4d""},{""modifiers_item_id"":""63339650-3a35-4f1b-a36f-ad3a5b03636b"",""name"":""sour"",""price"":46142,""is_default"":""e5acca7a-98b1-4c88-bbe3-81bb4411e2d3"",""order"":76,""is_enable"":""30f65da0-d52a-4a6a-8a24-cf496a91569b""},{""modifiers_item_id"":""e82af1d8-a297-42dd-aefc-4c208512a994"",""name"":""moist"",""price"":1300,""is_default"":""a8143b77-1a97-4bc4-b7b6-05ca9bc9fd1a"",""order"":151,""is_enable"":""a30b6783-6e00-45d0-9c89-6c912d6530cd""}]}"
"e64412f3-bbd7-42d3-b534-e32fd6a12344","7","{""category"":[{""category_id"":""c7d27bf1-d6f2-424b-acbb-9d18af708baa"",""name"":""Indian Singaporean"",""order"":36},{""category_id"":""36c0ca7d-2f79-44ad-8f17-9070b30ab8ab"",""name"":""Romanian"",""order"":36},{""category_id"":""2a6f17cf-5386-4c7f-a957-c0143bedfea8"",""name"":""Odia"",""order"":62},{""category_id"":""4873b128-8bf3-4cba-a320-528d902936c7"",""name"":""Mordovian"",""order"":19},{""category_id"":""7f83dafd-bbb9-4cef-a7e2-bdcfd736e8e6"",""name"":""Persian"",""order"":48},{""category_id"":""9f552cc7-cc2d-4e0a-b069-4ed81e79ca24"",""name"":""Pennsylvania Dutch"",""order"":35},{""category_id"":""32c20a7c-312f-4656-b1ec-e13236890dae"",""name"":""Rajasthani"",""order"":14},{""category_id"":""b2977519-5ddb-4683-b434-c6e01c2fa101"",""name"":""Rajasthani"",""order"":26}],""items"":[[],[],[],[],[],[],[],[],[],[]],""modifiers"":[{""modifiers_item_id"":""9e407c9b-113e-475d-b219-da9561a946d7"",""name"":""crispy"",""price"":65839,""is_default"":""288d9e38-0c16-4b85-936f-b3a5f3fc14ce"",""order"":176,""is_enable"":""ab7ac121-86ae-484c-80e8-49ff076e8605""}]}","{""category"":[{""category_id"":""08c15898-9382-46a2-8aaa-9d8947ab8fd3"",""name"":""Buddhist"",""order"":53},{""category_id"":""9f98bd95-0050-4ef6-92b3-feba2f6b9e80"",""name"":""Bangladeshi"",""order"":44},{""category_id"":""00092577-4fa7-4f88-a74c-998ae00908ca"",""name"":""Ukrainian"",""order"":1}],""items"":[[],[],[]],""modifiers"":[{""modifiers_item_id"":""b59de648-6398-4864-b8ec-5aecbf823a96"",""name"":""moist"",""price"":82091,""is_default"":""1ab108ea-85d6-4547-b753-c3474135f17b"",""order"":108,""is_enable"":""18d95b88-0dc7-426c-ac2d-595197695df7""},{""modifiers_item_id"":""d937adca-0700-433b-9567-7bebd9c8e92c"",""name"":""salty"",""price"":95088,""is_default"":""2ffc2571-d783-41a2-a641-34649280eec9"",""order"":63,""is_enable"":""dd20c99b-4c3a-45e6-ad42-e7c777e989d7""},{""modifiers_item_id"":""e542848e-609e-4830-85ec-146b081fd804"",""name"":""smoky"",""price"":36247,""is_default"":""958ed3ee-e059-4f32-9c1b-67a5794db749"",""order"":97,""is_enable"":""e9be0418-a038-42e6-89d6-aceeeb031b58""}]}"
"96b80634-dfb5-4769-b131-ff259593df47","8","{""category"":[{""category_id"":""d0ead070-5b1b-4c5c-848a-58e67db3aa6f"",""name"":""Balochi"",""order"":67},{""category_id"":""7166ea2d-1ebc-4888-ae0a-6ebe067d66ae"",""name"":""American"",""order"":88}],""items"":[[],[],[],[],[],[],[],[]],""modifiers"":[{""modifiers_item_id"":""d333cfb3-c14c-4ce0-9df6-d74533e32374"",""name"":""golden"",""price"":34679,""is_default"":""32b19f3c-a8d9-460b-904d-be616f5c2518"",""order"":178,""is_enable"":""df30c5be-38b5-4c8e-abea-448a0d1727ab""},{""modifiers_item_id"":""9dc79eb4-622a-437d-901d-6a39f41171dd"",""name"":""juicy"",""price"":52218,""is_default"":""59632ed7-f122-4894-8887-09dafc71fedc"",""order"":189,""is_enable"":""effa537c-2326-4183-aef8-151f0aba9a08""},{""modifiers_item_id"":""fe233148-a49e-4b2e-851d-5668b4c63306"",""name"":""salty"",""price"":24273,""is_default"":""2ce836f0-cbeb-4947-9604-77734e420327"",""order"":111,""is_enable"":""ca24c708-29ef-4686-91f2-c26089622951""},{""modifiers_item_id"":""b451e0ea-b229-4d63-bc23-916e9e6fb389"",""name"":""sour"",""price"":99142,""is_default"":""97edc898-9325-4c1d-8209-d640922f6554"",""order"":108,""is_enable"":""b8b962c9-63ef-48cc-9748-9b10bbfaae50""},{""modifiers_item_id"":""6304f755-0444-4196-97ab-7bc27da807c5"",""name"":""sweet"",""price"":87825,""is_default"":""87247060-99b3-434c-bf2a-881f88b3bc78"",""order"":170,""is_enable"":""65072a17-79e8-4120-91a8-151c6f25bc8a""}]}","{""category"":[{""category_id"":""68be820a-6177-4079-a79f-b0d4c931d32a"",""name"":""New Mexican"",""order"":82},{""category_id"":""93c78b22-d567-49d7-a553-14ed841cae36"",""name"":""Punjabi"",""order"":43},{""category_id"":""ba299cf6-3479-46b2-a6cc-b771553de2ea"",""name"":""Goan Catholic"",""order"":12},{""category_id"":""8876a309-05e0-41a1-bc19-9dc646bb2895"",""name"":""Ainu"",""order"":50},{""category_id"":""8bc5f52d-b6e7-46a9-8db7-65b3395bb702"",""name"":""Lithuanian"",""order"":8},{""category_id"":""ea3b04a8-8b78-4d80-b327-95ea78e0af3e"",""name"":""Crimean Tatar"",""order"":8},{""category_id"":""b2e89de8-506b-4c1b-bd14-ff8f46f5a419"",""name"":""Zambian"",""order"":49},{""category_id"":""9dba6621-5280-4ee4-93f0-e9b9eb4d1a40"",""name"":""Buddhist"",""order"":36},{""category_id"":""d86fbdd1-80af-4617-b212-e42473cd24e4"",""name"":""Sri Lankan"",""order"":28}],""items"":[[]],""modifiers"":[{""modifiers_item_id"":""29b6e86c-242e-4f3c-b94b-acc1f2e4d672"",""name"":""spicy"",""price"":88211,""is_default"":""c8727ab4-c028-466f-8867-027dfb00ed67"",""order"":123,""is_enable"":""a5c7f880-edce-430d-80e2-bdde0abb8f2a""}]}"
"cc27c8a9-a99f-4cae-9c32-7cfe4f93b9ea","9","{""category"":[{""category_id"":""45740b90-1bf5-40cc-9ed3-7603f8f7da0b"",""name"":""Odia"",""order"":29},{""category_id"":""6af9e290-9f16-4a63-8924-1b120038040a"",""name"":""Kurdish"",""order"":12},{""category_id"":""e9ad4d2e-434c-4379-9689-45de71c0291b"",""name"":""Turkish"",""order"":14},{""category_id"":""97a573ac-9082-4a2e-9ca7-fb113d9fbfd6"",""name"":""Goan Catholic"",""order"":24},{""category_id"":""289d5f68-f9f9-465e-a270-3338d4b1cf99"",""name"":""Peruvian"",""order"":24}],""items"":[[],[],[],[],[],[],[]],""modifiers"":[{""modifiers_item_id"":""7930ddaa-05ec-4d55-a881-1f1a2adecdd6"",""name"":""rich"",""price"":14154,""is_default"":""5a533cb1-fb77-4cd3-acc5-39723194e4cb"",""order"":16,""is_enable"":""c1e0fc92-1958-4666-9206-56d1d54f9176""},{""modifiers_item_id"":""765c4c6d-3eae-4fdb-9f74-ed33b8502392"",""name"":""crunchy"",""price"":34510,""is_default"":""aba645c3-4585-4a99-9141-25460cd63256"",""order"":36,""is_enable"":""1b865aca-c536-42a7-af4f-88fc6f98df6e""},{""modifiers_item_id"":""4f0f4541-d143-4225-a6df-519a2a6cc2c8"",""name"":""crispy"",""price"":54962,""is_default"":""3b9ee7ae-f063-41fb-b3e7-57773de88470"",""order"":182,""is_enable"":""80b063e5-d93f-40d3-b9c2-b84787aada60""},{""modifiers_item_id"":""4aed84a8-89fe-44f3-8dab-e9ddb6b993dd"",""name"":""fluffy"",""price"":59717,""is_default"":""bae6abcc-f331-4df2-b188-a2974fee4b84"",""order"":140,""is_enable"":""2d8b70c9-aaeb-4db5-8e80-fc5b95e6924f""}]}","{""category"":[{""category_id"":""bf00231e-cdc4-458d-9318-3eb7fa6d49c7"",""name"":""German"",""order"":6},{""category_id"":""e569b2b1-7032-4780-b151-e512f20dd6e9"",""name"":""Ethiopian"",""order"":95},{""category_id"":""e5a16088-2a4d-47a4-baf0-ce894ae35cfc"",""name"":""Bashkir"",""order"":34},{""category_id"":""3b76e007-f40f-481d-abad-fc1f375438fb"",""name"":""Laotian"",""order"":36},{""category_id"":""1c0324f7-93fe-44c0-b8b5-d245c1eaa50a"",""name"":""Italian-American"",""order"":64},{""category_id"":""9b093e21-886c-435b-9ac3-9a66db08222e"",""name"":""Mangalorean"",""order"":61},{""category_id"":""11a8f3a9-7b74-4ebe-8c2f-51ade753eef8"",""name"":""Bulgarian"",""order"":4},{""category_id"":""0829d786-8279-42af-a0a3-f15f7de24e75"",""name"":""Persian"",""order"":28},{""category_id"":""6c714abe-1cc2-4106-a014-e1415b024b8b"",""name"":""Texan"",""order"":96},{""category_id"":""45c11649-7a70-4fe3-947c-502bbf9d3c06"",""name"":""Maharashtrian"",""order"":12}],""items"":[[]],""modifiers"":[{""modifiers_item_id"":""877a493c-6244-41ad-80de-25683a43d249"",""name"":""golden"",""price"":66964,""is_default"":""312d18c3-1fab-49d3-a7ed-27bd77ebd746"",""order"":62,""is_enable"":""e4e33dff-1d17-471a-8c47-c151a98a2188""},{""modifiers_item_id"":""2dc8a00a-b5fd-42b5-b7cc-8a57ecb4ad04"",""name"":""golden"",""price"":54043,""is_default"":""ac628a91-9eac-4e56-aa4b-299145efa5af"",""order"":41,""is_enable"":""7a995327-ee6f-4d44-9a28-8f913dd0a2ac""},{""modifiers_item_id"":""6182ff02-0c83-4398-a025-c4100b12ceed"",""name"":""crunchy"",""price"":38129,""is_default"":""2b7f5ba6-b7df-4ae2-884d-3a8955400ed9"",""order"":113,""is_enable"":""102f883c-9c14-4c2c-a808-acbe2a2e2c01""}]}"
"77f0aeb1-e784-4233-b5ed-725aa5ff841c","10","{""category"":[{""category_id"":""8710205d-3c2d-42de-a7c4-44ec3760ed94"",""name"":""Vietnamese"",""order"":65},{""category_id"":""5854c482-4d1f-43c2-9be3-fe246da22113"",""name"":""Lebanese"",""order"":45},{""category_id"":""70daee81-dcab-4399-8f2b-f2002e8f99f1"",""name"":""Caribbean"",""order"":1},{""category_id"":""aa65581f-2630-41a7-a759-587684933d18"",""name"":""Chechen"",""order"":12},{""category_id"":""4cfb1e44-ae20-41f8-9fa1-7ec09cfbb27a"",""name"":""Odia"",""order"":69},{""category_id"":""3e6029ea-4fe6-45ab-b6c6-ec6986be6679"",""name"":""Irish"",""order"":77},{""category_id"":""ddd59f0c-f974-4bf6-bbe9-6c2e9852d0b7"",""name"":""Zanzibari"",""order"":20},{""category_id"":""aa667098-3467-4a9c-98b5-a44ebe910cb6"",""name"":""Texan"",""order"":34},{""category_id"":""21ad57fe-e922-43cd-8160-284313030872"",""name"":""Romani"",""order"":4}],""items"":[],""modifiers"":[{""modifiers_item_id"":""ba6d21aa-15d5-4b16-a85f-fe3a7cee4b89"",""name"":""crispy"",""price"":14652,""is_default"":""07b9aab0-c60e-4905-80aa-737bfe8c7102"",""order"":95,""is_enable"":""28367384-6194-4993-9530-81956c04c100""},{""modifiers_item_id"":""c78429af-5636-4b12-85fd-f52e62fa1788"",""name"":""crunchy"",""price"":74074,""is_default"":""fb241553-a3f2-4776-9fbe-07f25ab26cc8"",""order"":164,""is_enable"":""61cb760f-b5d9-45ef-9053-92df6c36ac0c""}]}","{""category"":[{""category_id"":""d8f0b11b-c310-4464-b6cb-fe707c1dce9a"",""name"":""Chinese"",""order"":87},{""category_id"":""a9d4ad29-dc76-43b9-ab4d-b895d4876703"",""name"":""Kurdish"",""order"":37},{""category_id"":""f1e918fb-ad9e-47d0-aac1-e3b061bbf7f0"",""name"":""Ukrainian"",""order"":30},{""category_id"":""6e3f104a-b9f1-4c77-8a6d-e88a4939af98"",""name"":""Tamil"",""order"":50},{""category_id"":""e68cba45-9740-4c96-89c0-ef1d43ee73e0"",""name"":""Sri Lankan"",""order"":21},{""category_id"":""5356f673-5bfa-4881-92c9-cf0f1499ab8a"",""name"":""Goan Catholic"",""order"":37}],""items"":[[],[],[],[]],""modifiers"":[{""modifiers_item_id"":""07f8463e-6454-4fbb-84fb-066eca437bce"",""name"":""tender"",""price"":18946,""is_default"":""5e712294-cb86-417f-9cef-21f1f6801464"",""order"":157,""is_enable"":""70dd432a-320f-423f-9780-faeeb23a08fc""},{""modifiers_item_id"":""4f1c1885-2386-4e1c-888a-b9e024239bfa"",""name"":""smoky"",""price"":8511,""is_default"":""a4a2814f-b58d-4a19-9a5d-c277de04f349"",""order"":94,""is_enable"":""0ca823eb-8fb8-45f9-b37e-69a53bd094fd""},{""modifiers_item_id"":""7f4adaef-2cce-41bb-b126-cb2a79f272e2"",""name"":""bitter"",""price"":66618,""is_default"":""7f4447b9-bf25-456c-961d-48b9b73c36b6"",""order"":88,""is_enable"":""ee68305a-33c2-488a-be50-f19d78d4f3a3""}]}"
"2b3220b2-294e-4f52-9687-c3c75ddef9c7","11","{""category"":[{""category_id"":""27c2117c-9e81-4a9c-980f-50d30a1c1d75"",""name"":""Albanian"",""order"":39},{""category_id"":""f6920673-3f35-4010-9d9d-08280f62f49b"",""name"":""Russian"",""order"":45},{""category_id"":""01a9e88a-e27f-4e2b-b2ae-a785874a5926"",""name"":""Sri Lankan"",""order"":54}],""items"":[[],[],[],[],[],[],[],[]],""modifiers"":[{""modifiers_item_id"":""4d0481a1-90da-43ce-83f4-a6935bcbf690"",""name"":""fresh"",""price"":92949,""is_default"":""21901f99-3355-4a88-b2ee-0fba77c8102b"",""order"":155,""is_enable"":""65e8d495-ff3a-41a1-a2be-3bb00655aa31""},{""modifiers_item_id"":""0233f515-5044-4506-b5d1-a3e691a8de0b"",""name"":""spicy"",""price"":14904,""is_default"":""bdbb54b0-01a3-4342-8859-875babc476bf"",""order"":79,""is_enable"":""e010ae2e-8e32-4374-8ba6-02effd5183fa""}]}","{""category"":[{""category_id"":""f199934e-b735-46c0-9381-f7d50ee9049e"",""name"":""Malay"",""order"":97}],""items"":[[],[],[],[],[],[],[]],""modifiers"":[]}"
"ba9d73ff-19f3-4898-9589-a2a9e66c44a1","12","{""category"":[{""category_id"":""5b5475b4-ca24-4b94-b97e-066c5bcc155e"",""name"":""Egyptian"",""order"":13},{""category_id"":""a92a49e5-b3e9-4f3e-949d-0d66f48cbd34"",""name"":""Gujarati"",""order"":48},{""category_id"":""3fb6206f-4fd2-4d2a-9482-0b32fc8e4cd9"",""name"":""Pashtun"",""order"":31},{""category_id"":""895a8442-6689-47e2-9d3b-93bb08e260f9"",""name"":""Somali"",""order"":71},{""category_id"":""b2332dfe-a04b-4e73-8fcd-520c0c0d35d2"",""name"":""Spanish"",""order"":18},{""category_id"":""b314faf4-70fe-4453-9e70-67cd453bd6d6"",""name"":""Danish"",""order"":27},{""category_id"":""fc404aa6-84cf-4873-9ce7-6c9febb7261d"",""name"":""Assyrian"",""order"":43},{""category_id"":""24f9d12b-0779-4d24-8949-782678e220be"",""name"":""Québécois"",""order"":75},{""category_id"":""71963418-36cb-4733-bb59-ea24553cf5fc"",""name"":""British"",""order"":49}],""items"":[[]],""modifiers"":[{""modifiers_item_id"":""ffa1c4a0-978c-44a4-a2f8-0a5d1121bf10"",""name"":""golden"",""price"":65275,""is_default"":""a5a16260-b5a6-4c55-bb88-056a52676d19"",""order"":130,""is_enable"":""0de8709e-7655-4dc7-953a-701c807912d2""}]}","{""category"":[{""category_id"":""64b80dd4-f481-4ca0-9380-3aa3b662e3bb"",""name"":""Cajun"",""order"":15},{""category_id"":""fa3a5e58-00f9-48b5-ada8-c712bf12c10d"",""name"":""Maharashtrian"",""order"":9},{""category_id"":""487f5f16-a524-4b6d-bd13-7759cb9fccb9"",""name"":""Balochi"",""order"":35},{""category_id"":""c0c1db7a-3ded-47d8-8cef-9e5e0389e2b7"",""name"":""Brazilian"",""order"":38},{""category_id"":""cdc259ed-b515-4b3b-aab3-c20f9bae2a49"",""name"":""Malaysian Chinese"",""order"":49},{""category_id"":""7b4b032a-397c-4d9c-a8b0-f96e4f6c75bb"",""name"":""Yamal"",""order"":11},{""category_id"":""acc381f7-2c78-48b3-9434-e1977a2eac21"",""name"":""Nepalese"",""order"":87},{""category_id"":""ae1e5aee-d957-45d9-838f-0effa9f8b6ba"",""name"":""South Indian"",""order"":35}],""items"":[[]],""modifiers"":[{""modifiers_item_id"":""be80c65f-14a1-4b9c-a23d-8c131abe4479"",""name"":""spicy"",""price"":43466,""is_default"":""66887912-1010-41e4-90a4-46b26603c479"",""order"":40,""is_enable"":""191d7d39-2657-4f6d-ac55-17783e2cf41b""},{""modifiers_item_id"":""bf8457ba-6804-49d0-9912-4a581443fe24"",""name"":""crunchy"",""price"":4318,""is_default"":""39370fed-8fbe-47bc-a601-bff1c970af40"",""order"":90,""is_enable"":""439de552-2535-4f38-bf6d-f2aacfdb0fda""},{""modifiers_item_id"":""f15c7b56-3067-4cc5-8638-e74de845afd7"",""name"":""bitter"",""price"":94144,""is_default"":""84211323-73ab-4705-a459-95d6ffade3ea"",""order"":45,""is_enable"":""f924c04b-1bc2-4ef1-8774-478de0732083""},{""modifiers_item_id"":""248dd8ed-2c62-4cae-898a-8064f1f52765"",""name"":""sweet"",""price"":82582,""is_default"":""590f2b79-a412-4fe1-ae0a-6084193d53c4"",""order"":183,""is_enable"":""cabebdec-f480-419c-9908-356ffde14631""},{""modifiers_item_id"":""d8d1cb33-aef2-4fbd-a9fe-48ff3169c773"",""name"":""juicy"",""price"":9685,""is_default"":""d6151484-50bf-4a0b-b7b9-7cf0029aba41"",""order"":87,""is_enable"":""14ae4dde-4d07-44e9-b148-31a8690cfd79""}]}"
"883ea3c2-8134-4a57-a356-7e437f2f5105","13","{""category"":[{""category_id"":""549d8760-a626-4bf0-a186-e33a397a6f4c"",""name"":""Kazakh"",""order"":86},{""category_id"":""73439423-ee73-4900-84c4-dc16eec4d7cb"",""name"":""Romanian"",""order"":21},{""category_id"":""d8340a88-c637-4632-99b3-7117ca919479"",""name"":""Buddhist"",""order"":36},{""category_id"":""ecf632dc-ef0c-4c43-8b26-d08eb237a14b"",""name"":""Maharashtrian"",""order"":92},{""category_id"":""589bdf79-fd09-41da-9a65-6b96def520de"",""name"":""Awadhi"",""order"":55},{""category_id"":""8be69c3a-aade-48f9-a695-23977a41edc3"",""name"":""Czech"",""order"":84},{""category_id"":""f1e05835-d97a-4080-b62e-93d4726dac46"",""name"":""Québécois"",""order"":23},{""category_id"":""492c9610-1445-4b54-a33e-d651a26aef8e"",""name"":""Keralite"",""order"":92},{""category_id"":""42f12d49-9da4-478b-8b15-cbaf23954261"",""name"":""Egyptian"",""order"":11},{""category_id"":""91fb4fd9-1f33-4899-96f3-3ceacec35b2f"",""name"":""Japanese"",""order"":92}],""items"":[[],[],[],[],[],[],[],[]],""modifiers"":[{""modifiers_item_id"":""d2396900-477d-4c60-8453-4d24df81e798"",""name"":""tangy"",""price"":8302,""is_default"":""76452151-c798-4e24-8c66-01898c77ed5c"",""order"":24,""is_enable"":""499c1078-6019-44c4-8f68-49dd7e46eab6""},{""modifiers_item_id"":""0c34cefa-8893-4d83-8d04-7c71289a99c4"",""name"":""crunchy"",""price"":19317,""is_default"":""189ee718-a83e-4dfe-a6b7-7a535ab2eed0"",""order"":160,""is_enable"":""d6b061e1-1b89-409f-b798-2ede683005db""},{""modifiers_item_id"":""d021e06b-87e3-4624-8cf3-872e1b883fe9"",""name"":""delicious"",""price"":1001,""is_default"":""cc631953-af27-48e0-a6df-480ce7b3e389"",""order"":177,""is_enable"":""168a061b-4720-4312-948b-bd601be797d1""}]}","{""category"":[{""category_id"":""aa39af74-034e-40a9-ba10-18fd83f37e96"",""name"":""Sindhi"",""order"":64},{""category_id"":""bb12d434-f5be-4220-b276-c900be4f027f"",""name"":""Texan"",""order"":44},{""category_id"":""b96daea6-f807-4b34-8bbf-c3389a751972"",""name"":""Goan Catholic"",""order"":48},{""category_id"":""fe7eeb0a-c5d2-4b98-afb0-fcb467a00d65"",""name"":""Caribbean"",""order"":98},{""category_id"":""016e6abe-1b44-4806-b18a-bae4b936c4cf"",""name"":""Albanian"",""order"":32},{""category_id"":""d40eb850-3fb5-4694-b68a-807f1dd3b39c"",""name"":""Native American"",""order"":19},{""category_id"":""c9849591-379f-4687-b450-4b252b590a5c"",""name"":""Bashkir"",""order"":82},{""category_id"":""864784fc-818e-4ea9-bbd5-8b075dec845f"",""name"":""Jamaican"",""order"":21}],""items"":[[],[],[]],""modifiers"":[{""modifiers_item_id"":""3b9b0f3c-2c87-4a26-87f8-b0f80dc93814"",""name"":""smoky"",""price"":91295,""is_default"":""7315df27-c3bc-4fed-97cd-20091fabee7e"",""order"":109,""is_enable"":""4bba1cba-0012-4994-9af3-b8207db096ef""},{""modifiers_item_id"":""857743bf-f2b6-47cb-930e-2cf8a7205867"",""name"":""fluffy"",""price"":39996,""is_default"":""41d2af8f-66f0-4f4d-b6e0-ca538a90f078"",""order"":122,""is_enable"":""e134ca6e-58c3-457c-8cfb-6e87e65a1d95""},{""modifiers_item_id"":""abaaddb8-c222-4a55-b5fe-2576e9d314c8"",""name"":""crispy"",""price"":90261,""is_default"":""198f6f55-9689-4bc5-a9d3-30e79cc057e3"",""order"":141,""is_enable"":""2172ff3d-080b-4c8f-94bc-179c037700b8""},{""modifiers_item_id"":""b7705b36-7e09-439b-af91-33d970708ba3"",""name"":""crunchy"",""price"":61827,""is_default"":""6081a986-9de9-4867-9783-8db0415db9bc"",""order"":30,""is_enable"":""eb20452f-7358-42ff-9a3d-750eb7c352fd""}]}"
"30a966ef-3aef-4c6c-b4a4-92aa218b318f","14","{""category"":[{""category_id"":""7b64d4d9-2cfd-4d64-ad86-a5ef513b5618"",""name"":""Jewish - Israeli"",""order"":27},{""category_id"":""de73073f-15d8-4311-9495-ae52f886e976"",""name"":""Argentine"",""order"":21},{""category_id"":""623ff08c-d855-4d93-b671-15b9292d7db0"",""name"":""Circassian"",""order"":55},{""category_id"":""ea293746-d8ac-482a-aabe-34d917e63cfc"",""name"":""Taiwanese"",""order"":83},{""category_id"":""9b685eac-5172-4f9b-8876-632e760db7f2"",""name"":""Indian Chinese"",""order"":9},{""category_id"":""29a71df3-e9c5-4af4-beda-504bd9f2c64e"",""name"":""Cypriot"",""order"":21},{""category_id"":""e218ed51-39d1-4a53-aa2f-c7e40b81b43d"",""name"":""Vietnamese"",""order"":10},{""category_id"":""8fed1491-723e-4d2d-9fb9-7aa8fc6efac7"",""name"":""Rajasthani"",""order"":39},{""category_id"":""c7a081cc-4380-42f7-8dd4-d514cf9b8eca"",""name"":""Louisiana Creole"",""order"":97},{""category_id"":""6eef0c27-3376-4214-8923-ec85412d677b"",""name"":""Polish"",""order"":52}],""items"":[[],[],[],[],[],[],[],[]],""modifiers"":[{""modifiers_item_id"":""55020a63-6d4c-463f-8de5-c98e85423e27"",""name"":""zesty"",""price"":95684,""is_default"":""f3d6cb31-a59e-46cf-8192-d0704b1d4c18"",""order"":26,""is_enable"":""80ca30e5-315e-4c9a-913b-e4d983eb0f12""},{""modifiers_item_id"":""0085ea7f-0b0c-48a4-b7b2-affaaf403940"",""name"":""rich"",""price"":50901,""is_default"":""bc1bd8c6-8c09-4137-80a4-b19245f3d500"",""order"":160,""is_enable"":""d98863c4-cec3-4592-b7c1-85a40faaf790""},{""modifiers_item_id"":""68a4fb73-33a7-4fc6-be7e-5c6c058ca8d9"",""name"":""delicious"",""price"":6946,""is_default"":""3a40f6dc-20e9-45f0-a132-4062eecd3e89"",""order"":18,""is_enable"":""f0d39dae-c72a-410e-be75-fa51a01c635c""}]}","{""category"":[{""category_id"":""9e1329fe-b85a-4bc1-8306-fa2785054267"",""name"":""Malaysian Indian"",""order"":89},{""category_id"":""c040dd55-7251-4aae-aed8-74d43342336d"",""name"":""Odia"",""order"":68},{""category_id"":""a699a5cc-f40d-4251-80b3-abc603d853c0"",""name"":""Louisiana Creole"",""order"":57}],""items"":[[],[],[],[]],""modifiers"":[]}"
"f79e0d2a-6bb6-4634-be8c-f25330f9ff88","15","{""category"":[{""category_id"":""995d639e-fc72-4066-b256-51c6b8d0ce29"",""name"":""American"",""order"":54},{""category_id"":""427bd99f-4b30-407f-93a5-f5e924eeecd2"",""name"":""Indonesian"",""order"":67},{""category_id"":""6bebc0e8-2453-4bb3-9197-c9d94f9584ca"",""name"":""Pennsylvania Dutch"",""order"":52},{""category_id"":""928e9fe8-536d-46e5-9ac9-3e1d082b98b7"",""name"":""South Indian"",""order"":44},{""category_id"":""85294ba8-4bac-492c-bc87-ae8692ba9d8f"",""name"":""Cantonese"",""order"":20},{""category_id"":""a03f7b33-0a36-4a4f-aa3c-4248a758e77d"",""name"":""Rajasthani"",""order"":15}],""items"":[[],[],[],[],[],[],[]],""modifiers"":[{""modifiers_item_id"":""0ad33902-ec8c-4842-b520-9f165e9ad9c8"",""name"":""fluffy"",""price"":52478,""is_default"":""25fc55d1-7487-4eb4-8d93-55b9a5812089"",""order"":71,""is_enable"":""4186d87a-c0fb-42be-900a-48e71872abd8""},{""modifiers_item_id"":""4559f2ce-02d9-4e38-b6c6-8328ba145147"",""name"":""spicy"",""price"":58555,""is_default"":""a38e56cb-0cd1-4ec1-bc4d-4d74dc095412"",""order"":69,""is_enable"":""2d4d444f-1d1a-472e-bbaf-aab68cf4cdca""},{""modifiers_item_id"":""51138d59-410d-4835-ab2d-e031942bd311"",""name"":""sweet"",""price"":87333,""is_default"":""306aa9df-c6bc-4742-bd02-623b34c5eb00"",""order"":106,""is_enable"":""7f76030e-6317-465a-9c2a-9c4d7a535287""},{""modifiers_item_id"":""6c99be34-43c5-4917-bb28-7a15fcb7d01e"",""name"":""fluffy"",""price"":81105,""is_default"":""b2645035-0862-4d90-9de2-f291b7dfb770"",""order"":119,""is_enable"":""a2b75516-7c6f-46c6-b8e8-b10a9028e99a""}]}","{""category"":[{""category_id"":""8617fb43-bcd2-4adc-9c06-6c3f9b87b30b"",""name"":""Zanzibari"",""order"":79},{""category_id"":""6fba5192-59e1-4d8a-8335-b15429996ef5"",""name"":""Portuguese"",""order"":13},{""category_id"":""99365d1b-a7c3-43df-9486-5f47a6fb301b"",""name"":""Irish"",""order"":41},{""category_id"":""fdcde71b-11dc-4b70-ae91-f52b1df17fdb"",""name"":""Sindhi"",""order"":21},{""category_id"":""e666b824-458f-4e97-b1e0-163006074810"",""name"":""Romanian"",""order"":99},{""category_id"":""a3ae99b6-b6df-4ff3-84d8-4128fd5fe110"",""name"":""Awadhi"",""order"":89},{""category_id"":""00033941-22db-43bb-bd1a-c2da1a74cf10"",""name"":""Chechen"",""order"":57},{""category_id"":""aaff403e-69a6-48d0-b7d0-e6dcb61dda8e"",""name"":""Estonian"",""order"":43},{""category_id"":""23cbd8e1-f108-4228-8a8d-4216f37b969a"",""name"":""Cajun"",""order"":23},{""category_id"":""1010ab85-6303-4175-84b3-30eb9f530d6b"",""name"":""Chinese"",""order"":63}],""items"":[[],[],[],[]],""modifiers"":[]}"
"778512a9-1763-407b-8f16-1868d3d5738b","16","{""category"":[{""category_id"":""78a0c780-3e2b-4d1e-8aaf-4280d3ee7e7a"",""name"":""Estonian"",""order"":74}],""items"":[[],[],[],[],[],[],[]],""modifiers"":[{""modifiers_item_id"":""df874731-6584-44ef-8a60-6cdd6b6e1ca1"",""name"":""crunchy"",""price"":58261,""is_default"":""3baded84-8d4d-43de-b1dc-b4cc3bfe8a5a"",""order"":104,""is_enable"":""8cbb2a89-7554-4a99-a4e1-fd75c1eb893f""},{""modifiers_item_id"":""3d5756b8-cdc5-46bf-a786-2dcb0b4b6c14"",""name"":""crispy"",""price"":10371,""is_default"":""26827a1e-2aca-4037-9d42-a15f8def7c58"",""order"":51,""is_enable"":""018050ed-1be1-48aa-98d6-abe12c50c013""},{""modifiers_item_id"":""0597a424-2030-45c7-93af-43899e0e25cf"",""name"":""moist"",""price"":12260,""is_default"":""58482033-ca2a-4c90-9124-69b145701601"",""order"":67,""is_enable"":""bb0bc810-802b-4581-94a1-0729a3de3a01""},{""modifiers_item_id"":""6c9f8834-24d1-4cc4-8593-c283eed772a1"",""name"":""juicy"",""price"":6551,""is_default"":""e85eeb84-876b-4000-b8cf-52b605b95bf1"",""order"":164,""is_enable"":""abdeadc7-06b5-4887-84bf-926fce231f6b""},{""modifiers_item_id"":""ee5fcf4f-810c-4eb8-ac5f-46d46bba48fd"",""name"":""sour"",""price"":11426,""is_default"":""9b075c2d-262d-439c-8f48-b66bb45ab5b8"",""order"":177,""is_enable"":""f89807f5-2b91-4c9c-a956-927b88588fa9""}]}","{""category"":[{""category_id"":""523c0358-64f0-4c88-80ec-64b477c3c5cc"",""name"":""Latvian"",""order"":46},{""category_id"":""f14d535d-e39f-4594-88e9-a79f1c8e913d"",""name"":""Vietnamese"",""order"":7},{""category_id"":""1d084499-ab37-4754-9da2-5180a71e974f"",""name"":""Zambian"",""order"":77},{""category_id"":""9c13c7e8-563f-45b4-9df9-83a944ea6aad"",""name"":""Polish"",""order"":23},{""category_id"":""27e9a388-bebe-47f0-b052-32e03a059c3e"",""name"":""Cajun"",""order"":68},{""category_id"":""f0092c52-0d8f-4050-b9dc-4d67ba9a7708"",""name"":""Pashtun"",""order"":28},{""category_id"":""cc6a0dcc-175a-408f-84f9-d868b7fbcc94"",""name"":""Buddhist"",""order"":55},{""category_id"":""a22cfa45-f252-42c5-aab5-901a50546135"",""name"":""Estonian"",""order"":92},{""category_id"":""e12ac645-bc0e-4e1e-a335-f2648f958177"",""name"":""Argentine"",""order"":64},{""category_id"":""68c16aec-56d9-4f44-a35b-a09e63956a7c"",""name"":""Balochi"",""order"":21}],""items"":[[],[],[]],""modifiers"":[{""modifiers_item_id"":""4bffaa01-0ee4-45e2-93fb-7577318ea44e"",""name"":""moist"",""price"":30936,""is_default"":""18e497a6-b833-456b-9d16-7d64fdc279b9"",""order"":16,""is_enable"":""4d987be2-a1f8-4ae3-8eba-d1fc17ecdf21""},{""modifiers_item_id"":""638e6be8-b443-47b2-857d-2bec799c0734"",""name"":""fresh"",""price"":3816,""is_default"":""99a1736a-6e6b-479b-a4cf-044dc56b2c40"",""order"":99,""is_enable"":""8e55b4cf-752f-4447-b94e-4edd2d674dff""},{""modifiers_item_id"":""421be3e1-f770-4c27-ad78-a9fe18407864"",""name"":""delicious"",""price"":68951,""is_default"":""c6f658b6-052e-4724-8ab8-fa1d99087af4"",""order"":23,""is_enable"":""499ff9a2-11c6-4537-adba-72b65bb4058d""},{""modifiers_item_id"":""030e98ea-3d35-4a18-b576-70079033c856"",""name"":""crispy"",""price"":23403,""is_default"":""b46f609e-83b4-4640-ab1a-e2617f159b1a"",""order"":90,""is_enable"":""7ed269d2-c233-4fc6-8d5b-4be9c8f7562d""}]}"
"1a120ada-8dd5-4b93-a6b0-90a1a0d0022e","17","{""category"":[{""category_id"":""7afed8a3-d598-43e8-be63-99ab02080d68"",""name"":""Bulgarian"",""order"":78},{""category_id"":""276a7095-31f7-4119-8495-70e9f5518ba1"",""name"":""Nepalese"",""order"":42},{""category_id"":""9dbb8eb4-ffc8-47b0-98e0-1a4ff66c8527"",""name"":""Buddhist"",""order"":30},{""category_id"":""1644c624-51df-4ceb-ac8b-e0875c380a06"",""name"":""Spanish"",""order"":44},{""category_id"":""c1252756-4385-422b-b17a-7dda00399b83"",""name"":""Korean"",""order"":33},{""category_id"":""7d69ca97-895d-4ea9-bc2f-f8cf5746e09c"",""name"":""Balochi"",""order"":69},{""category_id"":""8aade1d1-dae6-4c6c-9c89-377eaf369813"",""name"":""Maharashtrian"",""order"":13},{""category_id"":""24613105-5148-437b-92ba-1b43d7aee067"",""name"":""Bulgarian"",""order"":78},{""category_id"":""a777765f-80ee-423f-bd88-6746b66c06ff"",""name"":""Chechen"",""order"":17},{""category_id"":""3e42955f-0034-401f-8f1e-738dcd3780c4"",""name"":""Odia"",""order"":18}],""items"":[],""modifiers"":[{""modifiers_item_id"":""09a9bc10-7984-469c-a484-5aaefae30621"",""name"":""golden"",""price"":84232,""is_default"":""7db1cfae-d2bf-4c6b-9cd4-713e49a48421"",""order"":176,""is_enable"":""cf285c20-b196-48ed-8f47-201c042c86e5""},{""modifiers_item_id"":""ab765421-6d43-4c37-b642-10250a135961"",""name"":""zesty"",""price"":40119,""is_default"":""022cab73-a549-410c-a5b0-76c8d8061f39"",""order"":133,""is_enable"":""bd25db3c-5e4c-44b0-b09d-f01264aa0baf""},{""modifiers_item_id"":""e991f6f9-ed27-4cc1-95ea-316b4bdf7ed1"",""name"":""delicious"",""price"":90761,""is_default"":""1353208e-db34-438b-938d-29315a772048"",""order"":188,""is_enable"":""1405e363-e345-4640-9a1f-b30e5db8b540""},{""modifiers_item_id"":""201f3015-0555-4441-97ea-749bbceeba29"",""name"":""sour"",""price"":8578,""is_default"":""9ee8d1d9-5272-4e33-9623-ed413c37ba40"",""order"":162,""is_enable"":""a6e3756c-c888-4389-8b2a-158556426fa1""}]}","{""category"":[{""category_id"":""73de7ba3-3166-4809-b74b-3060a6b47020"",""name"":""Karnataka"",""order"":97}],""items"":[[],[]],""modifiers"":[{""modifiers_item_id"":""a1218885-b97c-478b-b267-a9704459b138"",""name"":""delicious"",""price"":95978,""is_default"":""4e330197-6c0c-4929-bafc-00cbb3b54ab4"",""order"":6,""is_enable"":""c6a15a6c-1cd8-46e2-bfb7-66758444734a""},{""modifiers_item_id"":""1c092e27-3525-4559-8000-24852076488c"",""name"":""smoky"",""price"":53281,""is_default"":""8d6861ed-3517-4c63-b673-4866a450e774"",""order"":41,""is_enable"":""2a14a7e5-24a0-47f8-9f50-a2a20f01f06e""},{""modifiers_item_id"":""6363e260-808e-4e76-987d-60c22e7047b6"",""name"":""salty"",""price"":89251,""is_default"":""6408edc2-fc73-4c0f-8ea1-b9ccaece55f4"",""order"":191,""is_enable"":""f068da04-a288-44d0-acf7-6d2e190f8845""},{""modifiers_item_id"":""40e6380d-2a80-4a1a-9ded-780156057c4e"",""name"":""salty"",""price"":86392,""is_default"":""952b560f-16fa-4492-a2b5-42f52925436a"",""order"":120,""is_enable"":""14c00a11-c3a6-4ca1-b8e6-00a201305a39""}]}"
"f332130d-1973-437e-989c-ee33d384be15","18","{""category"":[{""category_id"":""5b54f139-ec3f-4f23-8a63-a3d371398e44"",""name"":""British"",""order"":7},{""category_id"":""54f92233-4cbd-4062-b0b6-c6f8c294e73a"",""name"":""Indonesian"",""order"":41}],""items"":[[],[],[]],""modifiers"":[{""modifiers_item_id"":""fa373c73-1f08-42e7-96de-08c65ddb6956"",""name"":""salty"",""price"":51704,""is_default"":""dcd8e1af-f14b-41be-b628-6017a3706693"",""order"":174,""is_enable"":""373ffc4e-68a4-4433-bad7-504655137a4b""},{""modifiers_item_id"":""f650722e-59fc-41b7-8144-03bf06906d84"",""name"":""sour"",""price"":6988,""is_default"":""8be069a5-e543-4136-b208-81642175649b"",""order"":33,""is_enable"":""38c3526d-b5d7-4395-bc0f-7ab33e7a65c0""}]}","{""category"":[{""category_id"":""4cf04ea7-6e0b-4b32-8917-f30abd549581"",""name"":""Berber"",""order"":57},{""category_id"":""50fce7b4-32c3-4ab0-8b8a-79419807b72b"",""name"":""Tamil"",""order"":17},{""category_id"":""124f5a3c-fdd7-4ab8-8cfe-9587e5ff4e9f"",""name"":""Filipino"",""order"":84},{""category_id"":""934a2143-6cd8-4cd1-8678-d61834af484f"",""name"":""Caribbean"",""order"":79},{""category_id"":""ded1ced4-e51d-4972-a640-e88ac42773b0"",""name"":""Ukrainian"",""order"":80},{""category_id"":""9557a7b3-0671-4666-b6bc-53067f41d8f6"",""name"":""Portuguese"",""order"":19},{""category_id"":""fab1f002-c370-4d00-b111-3b3f49edd920"",""name"":""English"",""order"":44}],""items"":[[],[],[],[]],""modifiers"":[{""modifiers_item_id"":""338e425d-6d2f-4ef6-86a9-94adef86d928"",""name"":""spicy"",""price"":28496,""is_default"":""4e469245-7fd5-49ea-9726-3c161610508a"",""order"":167,""is_enable"":""7d271649-b0d8-47e5-b0d0-dfff028b20c7""},{""modifiers_item_id"":""09d1d195-78ce-4fea-ba39-e49d99848654"",""name"":""savory"",""price"":21346,""is_default"":""46b6df8b-4b2e-4ea9-8086-2e72aa9b70f4"",""order"":192,""is_enable"":""fe7b18dc-9bb8-4822-a7e5-e05be3b14b4a""},{""modifiers_item_id"":""8df81817-49d5-4a36-8afb-d322b8f89dd3"",""name"":""delicious"",""price"":694,""is_default"":""ace5b642-1dd5-4f22-a01f-d8ba01da4a98"",""order"":50,""is_enable"":""be14b68c-b80b-403f-887c-87a23fcf9478""}]}"
"01e32a4b-7a37-479f-8118-fc77e2522bdc","19","{""category"":[{""category_id"":""01e32a4b-7a37-479f-8118-fc77e2522bdc"",""name"":""Chinese"",""order"":54},{""category_id"":""0fd08266-be3f-475e-a337-02ae712a585d"",""name"":""Romani"",""order"":38},{""category_id"":""c0e8eb0b-0ca4-401b-8b16-e2c1a5bdb794"",""name"":""Slovak"",""order"":85},{""category_id"":""7b935624-3bb1-464b-86e8-6df94bcb4338"",""name"":""Buddhist"",""order"":69},{""category_id"":""f82ad5f6-5b98-4cce-805a-25193e5eb6a4"",""name"":""Georgian"",""order"":83}],""items"":[[],[],[],[],[],[],[],[],[],[]],""modifiers"":[]}","{""category"":[{""category_id"":""4406e838-ca92-4df6-b57c-2d2da71788b8"",""name"":""Soviet"",""order"":45},{""category_id"":""b16578b3-d6d0-4728-95d2-a33a3adb1eb9"",""name"":""Berber"",""order"":29},{""category_id"":""7d5a30c9-126a-423a-82fe-ce0a479f5681"",""name"":""Portuguese"",""order"":48},{""category_id"":""b22a89d5-ec19-487a-ae8e-667565ff5be7"",""name"":""Ainu"",""order"":72},{""category_id"":""40f07098-5ba8-42e6-8a9b-95e982d3fd99"",""name"":""Odia"",""order"":75}],""items"":[[],[],[],[],[]],""modifiers"":[{""modifiers_item_id"":""f25ee96a-3350-4fe4-97fe-06fd84d8ff50"",""name"":""spicy"",""price"":5758,""is_default"":""394ea6a4-db32-4317-9a81-c065578d1c28"",""order"":148,""is_enable"":""3136714f-7c66-44e4-ae2e-b3ca785b880c""},{""modifiers_item_id"":""1b974491-942e-489c-a5ea-8c481a3ff8b9"",""name"":""sour"",""price"":26612,""is_default"":""4de3e95e-3b7d-46a6-b9d1-07d43351437e"",""order"":31,""is_enable"":""59fd0251-f8b5-4485-9f50-9501fd4480c1""}]}"
"9dea6436-b5cd-4cd6-b546-b9058bde0d0d","20","{""category"":[{""category_id"":""bc4823b3-43fc-47d6-99a0-9c39fbb05d6b"",""name"":""Texan"",""order"":68},{""category_id"":""9025e48d-de4a-4f7e-a5f9-6dfa76d41209"",""name"":""Indonesian"",""order"":97},{""category_id"":""93b318fc-355f-4ed4-ab76-758a2068b1e2"",""name"":""Bangladeshi"",""order"":43},{""category_id"":""575a0a00-88ea-47bf-b8d5-ae811f0461be"",""name"":""Greek"",""order"":43},{""category_id"":""37ef863b-11df-48fc-81ee-a8d2a8f7d862"",""name"":""Ainu"",""order"":57},{""category_id"":""9cda901f-507c-4925-a377-1f10de196627"",""name"":""Sami"",""order"":40},{""category_id"":""0947fd7e-234e-4760-af4a-7d671d5bc4a2"",""name"":""Italian-American"",""order"":97},{""category_id"":""a5ba0fbe-50ae-49c7-9466-670bfd4edcd5"",""name"":""Irish"",""order"":43}],""items"":[[],[],[],[],[]],""modifiers"":[{""modifiers_item_id"":""38e1055f-a634-4033-ab73-5d37dacfbdb6"",""name"":""crunchy"",""price"":6391,""is_default"":""4c09be76-3b85-477a-bd93-5b762995eb1a"",""order"":163,""is_enable"":""3c6a2ba3-bebe-4c21-ba2d-8d059c47718a""},{""modifiers_item_id"":""a2f95421-381e-4bbd-b041-aaf860acd5c4"",""name"":""sour"",""price"":79595,""is_default"":""9af3f12e-1c1b-4e99-b9d3-40e57141db06"",""order"":64,""is_enable"":""aed5f7b1-d7f1-4482-9dd0-ed87f63782a0""},{""modifiers_item_id"":""5ca9da5c-5d4b-47f2-a281-e99e38e671a2"",""name"":""zesty"",""price"":54650,""is_default"":""73c445f3-7b4d-45e8-88bc-7bf4166b35ca"",""order"":67,""is_enable"":""52b8cca9-bd82-45c3-bde1-8d2f1a2b6dd9""}]}","{""category"":[{""category_id"":""5edc345f-d056-43f3-a63b-cdeef1ae7ba4"",""name"":""Pennsylvania Dutch"",""order"":45},{""category_id"":""4ef1ae45-355f-4c3a-ad43-ec0e85af00ae"",""name"":""Taiwanese"",""order"":48},{""category_id"":""08242ea4-a063-483d-bbb2-11836a791bf9"",""name"":""Jewish - Israeli"",""order"":91},{""category_id"":""8e3e8744-44ef-408a-857d-902cc227a1da"",""name"":""Mediterranean"",""order"":45},{""category_id"":""97d633f8-3e32-4b36-89f0-3e045fda51e6"",""name"":""Malaysian Indian"",""order"":75},{""category_id"":""531f02cc-9b87-429a-8597-e8c0e6c2c72e"",""name"":""Peruvian"",""order"":38},{""category_id"":""d56ef55a-34b8-449b-be8d-c3511cee11cc"",""name"":""New Mexican"",""order"":52}],""items"":[[],[]],""modifiers"":[{""modifiers_item_id"":""1a1bb61d-2a4e-4fa1-85d2-66054b512750"",""name"":""zesty"",""price"":79787,""is_default"":""8f1e4596-164c-409a-a760-d33ea884bebb"",""order"":49,""is_enable"":""53f2f295-fea8-4d6b-b9dd-398f41e30760""},{""modifiers_item_id"":""c78cf120-57a7-46c1-8535-8d5e8b1feed9"",""name"":""crispy"",""price"":73358,""is_default"":""ed8fe98f-3fbc-49a7-8ae9-ce31eaca8331"",""order"":140,""is_enable"":""6ee70e0c-eb29-4c54-b38c-ae75b0a6e9f7""},{""modifiers_item_id"":""6976eeea-085f-446e-b183-3dbbfba8d228"",""name"":""rich"",""price"":21254,""is_default"":""e909e319-097a-4d4c-bf61-6cdcfb5ef51f"",""order"":150,""is_enable"":""d4750961-89b7-4862-9ccd-a6c15f1477a1""}]}"
"cc83be41-c904-42e1-880f-969edd5c59ed","21","{""category"":[{""category_id"":""d2ea3907-9c39-485b-a72b-c7e066e48a48"",""name"":""Brazilian"",""order"":14},{""category_id"":""f2b35431-d4ae-459a-bf8f-633537c55732"",""name"":""Zanzibari"",""order"":48},{""category_id"":""ef0b8105-fb65-4fe9-bbe1-8c848cd8bf0a"",""name"":""Udupi"",""order"":48},{""category_id"":""31d27d9c-5c4a-4332-a849-119492ff3bc6"",""name"":""Jamaican"",""order"":64},{""category_id"":""3a07bc6f-6d89-46ca-a39b-d66c1d6cede3"",""name"":""Spanish"",""order"":91}],""items"":[[],[],[],[],[],[],[],[],[],[]],""modifiers"":[{""modifiers_item_id"":""577e503a-7687-4a13-83ea-386a578a6c4e"",""name"":""crunchy"",""price"":93460,""is_default"":""48d5f4bf-f81d-42a8-aafd-be32db7aa5e1"",""order"":63,""is_enable"":""70ade395-40a2-494f-96fa-6cb9af3ac798""},{""modifiers_item_id"":""9764c4ed-ffb9-43cc-9625-dd0fcb388a8d"",""name"":""juicy"",""price"":36892,""is_default"":""54bf29c1-5e9d-4b5e-9765-1449d08178d2"",""order"":93,""is_enable"":""ee750eeb-09be-4fef-b657-f215793039c5""},{""modifiers_item_id"":""3a5f85b9-722f-4e40-8f6d-2b142d0d3b78"",""name"":""rich"",""price"":55552,""is_default"":""69a8902d-0e5a-4768-9ac3-a6860a0b2c91"",""order"":92,""is_enable"":""42c9d80a-c679-4ac0-b97b-a0bfe818df23""},{""modifiers_item_id"":""0fa861f0-5f93-410f-90ab-66e41889b853"",""name"":""smoky"",""price"":98445,""is_default"":""e0a36d5c-393a-497e-bf32-04f542877533"",""order"":134,""is_enable"":""b66898bb-a1f4-4bbc-9524-c30baf565aab""}]}","{""category"":[{""category_id"":""a59d48bd-b2be-4cd8-a710-3a8f86be325f"",""name"":""Korean"",""order"":18},{""category_id"":""6fe39059-5ad5-4d28-bd0f-2b456c9bf7b3"",""name"":""Bulgarian"",""order"":44}],""items"":[],""modifiers"":[{""modifiers_item_id"":""3bb31fe6-7140-41d9-9635-b9a172b56223"",""name"":""crunchy"",""price"":78877,""is_default"":""43fc69f1-6aaf-454d-a36e-f6483933291c"",""order"":7,""is_enable"":""eac7381d-79f2-4ad3-aada-06d6adaf9607""},{""modifiers_item_id"":""8febd3ba-7522-4521-9e4a-0fbac29ecbc7"",""name"":""bitter"",""price"":22460,""is_default"":""d397f5a3-02e4-4698-bab2-be5d2d2599d5"",""order"":177,""is_enable"":""358cafd2-0140-494a-a618-d1bd9953d59e""},{""modifiers_item_id"":""f218088a-2b95-4d52-9920-2c77df76a105"",""name"":""savory"",""price"":38346,""is_default"":""44171cc1-7d47-4361-bc71-0c213d7eaae9"",""order"":132,""is_enable"":""d3e15fb6-61d0-45f8-bcc2-8d7dabb994aa""}]}"
"1c2063fe-e9a9-49aa-8e07-1d2d3d3135d9","22","{""category"":[{""category_id"":""64db625d-3a60-4066-91d4-e4c58fdb54e9"",""name"":""Filipino"",""order"":59},{""category_id"":""eed496f5-2247-4c7f-9700-26635c01772b"",""name"":""Balochi"",""order"":68},{""category_id"":""a3e34616-a886-405e-aea5-a1c098f699b8"",""name"":""Mediterranean"",""order"":86},{""category_id"":""bdcb55b6-554c-43b4-9432-4cee5fd5a407"",""name"":""Belarusian"",""order"":9},{""category_id"":""a4481df5-4eb1-4cc5-9fd5-236e439b04d3"",""name"":""Tamil"",""order"":80},{""category_id"":""71920798-0fb6-45cd-b29e-c7e9e55c691d"",""name"":""Armenian"",""order"":83},{""category_id"":""2bdcbabd-4363-4b82-b555-9105738fdc61"",""name"":""Ethiopian"",""order"":38}],""items"":[[],[],[],[],[],[],[],[],[],[]],""modifiers"":[{""modifiers_item_id"":""94f9123a-e844-41b8-b7d6-af6845df7b01"",""name"":""zesty"",""price"":49169,""is_default"":""9955cb3f-b8fa-410b-baa6-8c40a758399a"",""order"":198,""is_enable"":""530de618-241f-45a3-bd99-cfe4f3ed7e0d""},{""modifiers_item_id"":""4d4ff6b9-d5e8-49e3-ac75-cd748414081d"",""name"":""zesty"",""price"":4230,""is_default"":""ef455b12-3e28-4c6d-ad68-ecf454b0762c"",""order"":14,""is_enable"":""08004834-ff53-402f-8f42-33b79fb71dd2""},{""modifiers_item_id"":""c18c0b3e-6a8f-4768-a526-777969815eb6"",""name"":""fresh"",""price"":56442,""is_default"":""7f5e374d-afaf-4b73-931e-9843bad1b9bc"",""order"":38,""is_enable"":""f800df5d-e005-4069-b3a2-f76d0fe280ec""},{""modifiers_item_id"":""df956287-7939-4630-8212-17458337aacf"",""name"":""sweet"",""price"":5035,""is_default"":""667a0819-e6ec-4cb9-8918-09df5fbdc1b8"",""order"":58,""is_enable"":""d8a177e1-b7df-428b-9514-f059d0af772c""},{""modifiers_item_id"":""afa88e98-f8f8-44f4-8fd5-8a2f3b9c4ac1"",""name"":""juicy"",""price"":48405,""is_default"":""15e559f5-0281-4f9d-9bab-754498d0b9d4"",""order"":161,""is_enable"":""e3c1dcfb-c435-4976-bb2e-152beeaa22f7""}]}","{""category"":[{""category_id"":""79e7668f-c764-4dbd-bc54-7110a2940aaf"",""name"":""German"",""order"":77}],""items"":[[],[],[]],""modifiers"":[{""modifiers_item_id"":""f64dd0ef-62ba-4655-bfc8-3012c2bd9d60"",""name"":""salty"",""price"":9092,""is_default"":""9add14a9-a10f-4c7b-b912-b88006b5a217"",""order"":89,""is_enable"":""dc4e8386-cd9a-426f-8996-0d627d2c1c7e""},{""modifiers_item_id"":""5171abef-0fce-405e-99c5-167107c832d0"",""name"":""bitter"",""price"":64777,""is_default"":""923afbb0-8174-4e2d-a745-c073f6c9f0d9"",""order"":80,""is_enable"":""7c10670c-34c7-4144-ade2-1029ccf4983d""},{""modifiers_item_id"":""4e14ca63-7db8-41fd-ab4d-8398b61d7072"",""name"":""sweet"",""price"":65541,""is_default"":""87b9f49e-d557-4f4c-a386-3912c832499c"",""order"":195,""is_enable"":""4e2766d4-ada3-4aaf-86a5-9bc9b4ec311d""}]}"
"4742e4af-77fe-4e0d-818e-20c52c134eae","23","{""category"":[{""category_id"":""4742e4af-77fe-4e0d-818e-20c52c134eae"",""name"":""Goan Catholic"",""order"":26},{""category_id"":""f1781a8a-6899-4c60-9b1e-b6e2ad5c5f10"",""name"":""Persian"",""order"":84},{""category_id"":""f72b5fe5-4033-441d-a8ac-be3bfe7a5e2c"",""name"":""Eritrean"",""order"":16},{""category_id"":""4f2f0a90-8fb7-4888-8062-8c8f03ae4164"",""name"":""Inuit"",""order"":22},{""category_id"":""c2069607-b318-44e7-8069-7b03b0df7c1b"",""name"":""Korean"",""order"":36}],""items"":[[],[],[],[],[],[],[],[],[],[]],""modifiers"":[]}","{""category"":[{""category_id"":""6378c15f-a0a0-42c5-8dea-c322e6c029e1"",""name"":""Italian-American"",""order"":51},{""category_id"":""02ff9893-26fa-4541-9b29-b809d6fac54a"",""name"":""Québécois"",""order"":11},{""category_id"":""bff6d2fc-96c1-46d0-ac74-d5978a871b85"",""name"":""English"",""order"":6},{""category_id"":""0670dbea-3643-43db-96c6-4338f94cd488"",""name"":""Romani"",""order"":61},{""category_id"":""f9b228f5-0fb5-4054-afec-eae931647506"",""name"":""Japanese"",""order"":2},{""category_id"":""08e20de8-0ae7-4f43-a58e-95b764aca62a"",""name"":""Odia"",""order"":68},{""category_id"":""051155a0-35a2-423f-8b6a-bf88a4053919"",""name"":""Rajasthani"",""order"":72},{""category_id"":""daeb94f5-5800-4584-ab09-72ad9c07e4e1"",""name"":""Keralite"",""order"":73}],""items"":[[],[]],""modifiers"":[{""modifiers_item_id"":""daf41266-2e9c-44b6-9017-ae0c4c3009b2"",""name"":""bitter"",""price"":66368,""is_default"":""2fdbfe3b-97d1-4837-8506-3c2026400fb4"",""order"":133,""is_enable"":""e14988c5-3086-47cd-a6dd-735470cf336c""},{""modifiers_item_id"":""4deb4cad-6095-4b67-a488-fb0909146e0b"",""name"":""spicy"",""price"":74962,""is_default"":""cb4f40b3-f10f-42cb-987c-a654bcfe905a"",""order"":22,""is_enable"":""6acdef99-774c-449c-9e12-8afb89b251fc""},{""modifiers_item_id"":""38970e49-e29f-4847-97f8-fc87e34b1007"",""name"":""savory"",""price"":6687,""is_default"":""295b6688-9067-4860-8fe8-c623172e605e"",""order"":123,""is_enable"":""add71987-9fe9-4bda-aaa5-7f955f96d16b""},{""modifiers_item_id"":""d790538e-9ad8-436c-9348-7b88a6530d82"",""name"":""bitter"",""price"":89810,""is_default"":""335d54d3-c9c6-4020-a988-7854575905f2"",""order"":100,""is_enable"":""a9decefc-0f14-4d97-a6bc-30f9728709aa""}]}"
"43fdbc4f-9368-4f49-addb-f1ca5385b275","24","{""category"":[{""category_id"":""09594e25-629a-4ed0-b817-38c09dee6a10"",""name"":""Malaysian Chinese"",""order"":2},{""category_id"":""3cce8338-2656-4e14-8c2e-fe0d6cf152a5"",""name"":""Kazakh"",""order"":4},{""category_id"":""1f3267da-a426-4698-b51d-812a4395a057"",""name"":""Brazilian"",""order"":41},{""category_id"":""d4debf8e-6ad2-43af-a10a-046a5fc0c190"",""name"":""Bashkir"",""order"":28},{""category_id"":""0608c5c1-58bd-4565-902e-dd363afef9ed"",""name"":""Indian Chinese"",""order"":32},{""category_id"":""ff0e2b63-0052-4c63-9096-1ead9200da6e"",""name"":""Crimean Tatar"",""order"":12},{""category_id"":""de71cb0e-2cb5-4fe6-8a68-1889150f45a8"",""name"":""Azerbaijani"",""order"":48},{""category_id"":""0ee3b068-520a-47e5-a269-4a02d28c3676"",""name"":""Zambian"",""order"":83}],""items"":[[],[],[],[]],""modifiers"":[{""modifiers_item_id"":""93698c66-a12d-40c1-8889-f20df7ac357a"",""name"":""salty"",""price"":52312,""is_default"":""494915cc-e07b-49a5-97cb-54fc1eb37de5"",""order"":168,""is_enable"":""7277760c-bfcb-40c5-9d5b-f5c8d7f3f182""},{""modifiers_item_id"":""c4628546-50a2-4d7d-8652-2acaee30a48f"",""name"":""savory"",""price"":29788,""is_default"":""36af3ade-4d69-47bb-a485-4b7c32573b94"",""order"":81,""is_enable"":""2f6a5609-5aeb-4b6a-9af0-985f40b533e1""},{""modifiers_item_id"":""ecdac375-6b84-4212-8091-98757e8bc425"",""name"":""moist"",""price"":25943,""is_default"":""aab38183-065c-454a-8d45-d03d19bf881c"",""order"":173,""is_enable"":""8faed13a-3faf-4faa-b4c0-6d7f26815cf7""},{""modifiers_item_id"":""36c61c18-a760-425b-857b-962c1bff750e"",""name"":""tangy"",""price"":45442,""is_default"":""8fc96f4a-c9bf-4dfc-88c7-26fec9ded0d5"",""order"":51,""is_enable"":""7fe32fda-774e-4c12-a12c-6a16cb0cf89a""}]}","{""category"":[{""category_id"":""97e593ea-97ff-418e-9461-9dd25f99579d"",""name"":""Czech"",""order"":67},{""category_id"":""84877bde-2bac-4522-8472-a178e6fe25e7"",""name"":""Andhra"",""order"":65},{""category_id"":""9837fa24-c590-44a4-8d9e-8c63fd60224a"",""name"":""Laotian"",""order"":46},{""category_id"":""1ae6763c-f635-4271-9a1b-18b015703527"",""name"":""Estonian"",""order"":59},{""category_id"":""60cbfe9f-eae9-4022-b52a-197f2a661d17"",""name"":""Berber"",""order"":77},{""category_id"":""556c90df-fe20-4b79-93f1-7cd96e281610"",""name"":""Romani"",""order"":18},{""category_id"":""002d2be7-d3d2-4ac9-804a-60381933db40"",""name"":""Cypriot"",""order"":1},{""category_id"":""0ef2805b-43fe-424a-b0a3-1d9aee37c673"",""name"":""Romani"",""order"":84},{""category_id"":""576f12a9-87a2-41b4-ad09-ff9180f6a6e9"",""name"":""Kazakh"",""order"":39},{""category_id"":""5c2b0fed-897f-45f5-bbd2-71f206002c2f"",""name"":""Indian Singaporean"",""order"":17}],""items"":[[]],""modifiers"":[{""modifiers_item_id"":""dd0b7706-8413-4104-88ec-739b7e553e7f"",""name"":""zesty"",""price"":9273,""is_default"":""31fc3d31-e0f0-43dc-b5e5-40b465605df8"",""order"":124,""is_enable"":""acdc1142-149c-45ef-a9be-4478ebccbe25""}]}"
"962bf6f6-2579-4e29-a560-cffb0ab5636b","25","{""category"":[{""category_id"":""856526a1-a3af-482d-80d7-726fd976206c"",""name"":""Spanish"",""order"":27},{""category_id"":""2a65e339-c30a-491e-8bb0-6a243c1b4749"",""name"":""Laotian"",""order"":40},{""category_id"":""8e35e9c6-63d0-4478-99ab-69b1dc1351f3"",""name"":""Punjabi"",""order"":90},{""category_id"":""ed98bcaa-74c3-4cc0-abf7-913ffed7169d"",""name"":""Japanese"",""order"":38},{""category_id"":""34d381b0-9f67-413f-9460-df0233b4a030"",""name"":""Indian Singaporean"",""order"":37}],""items"":[],""modifiers"":[{""modifiers_item_id"":""5d8624e8-9deb-4037-8260-d763dc88fe2d"",""name"":""spicy"",""price"":5693,""is_default"":""3aad5605-fd3f-4df3-9659-8bf8bf249567"",""order"":159,""is_enable"":""fdc71919-2f9f-4d2e-8544-b6ae9b0eaaac""},{""modifiers_item_id"":""5c2f0988-0b18-490a-8b22-7dccb710fe7f"",""name"":""creamy"",""price"":90707,""is_default"":""b0ad8825-21ef-410d-b904-95de433286af"",""order"":22,""is_enable"":""1e4fc278-123d-4419-a713-cc1d334a48ef""},{""modifiers_item_id"":""e07377d2-2eb2-439a-8e44-b1e5cc4f355c"",""name"":""salty"",""price"":5430,""is_default"":""e587f0ce-0986-491b-8796-55c384dad8b5"",""order"":161,""is_enable"":""d0ed8047-6003-41ec-beae-27fdb7b6e18d""},{""modifiers_item_id"":""da5f4116-e566-4445-b8e1-6ef30cb61a24"",""name"":""golden"",""price"":49879,""is_default"":""2b2b37f5-8026-4485-a05f-669ba9e93252"",""order"":11,""is_enable"":""bacac164-2fd0-4831-8268-d01b1a0e3d73""},{""modifiers_item_id"":""fe3bea12-2e67-43a6-afdd-0e26a4274303"",""name"":""tender"",""price"":72525,""is_default"":""594e7da0-c395-4b96-a103-0830ba67e4e3"",""order"":133,""is_enable"":""6b3b44f3-54cb-4176-8712-3aa54b96361b""}]}","{""category"":[{""category_id"":""99e90e69-ad65-409a-9e35-b44b44fa0d6b"",""name"":""Indian Chinese"",""order"":33},{""category_id"":""8616992c-80f7-4163-b0f7-3490f7a9b1b3"",""name"":""Belarusian"",""order"":65},{""category_id"":""42b71b8d-754f-4f60-9dbb-7bb4484a09da"",""name"":""Bashkir"",""order"":69},{""category_id"":""23ff03ee-e6f1-49d3-9e5a-e7d6d39d561a"",""name"":""Korean"",""order"":8},{""category_id"":""0d8ce04c-7ce7-4793-852e-7fbc94476b08"",""name"":""Mughal"",""order"":63},{""category_id"":""f3bb494c-3d05-4045-b122-8a5a64630fe8"",""name"":""American"",""order"":62},{""category_id"":""67f330c1-d15f-4e11-830b-b9a6b775ae57"",""name"":""Parsi"",""order"":11},{""category_id"":""1c3cfe03-e04b-4b9c-a3e9-087ad09f100e"",""name"":""Indian"",""order"":30}],""items"":[[],[],[],[],[],[],[],[],[],[]],""modifiers"":[{""modifiers_item_id"":""d87c9191-14b7-4e80-a2b4-d4599355e57e"",""name"":""sour"",""price"":17701,""is_default"":""d43c4284-db52-415c-9282-d0ddae66f1af"",""order"":26,""is_enable"":""b02dfc26-6ac6-4504-8a74-42130d41caf8""},{""modifiers_item_id"":""a85b35b7-1d70-429c-82ad-afcd4c9ff2f9"",""name"":""salty"",""price"":2917,""is_default"":""3e69b163-6db2-4bb9-870d-3ffc8a0446fe"",""order"":71,""is_enable"":""4fcbacb9-409f-44a9-b137-53a31829dcac""},{""modifiers_item_id"":""02c370d2-c2e4-4586-9191-eab2b97d803c"",""name"":""creamy"",""price"":72517,""is_default"":""92d652bc-cd63-4a24-85ae-7a656ad92c54"",""order"":0,""is_enable"":""be7abd53-fa91-46df-8473-ccb4fb51cdce""}]}"
"b715432a-113d-45f7-8330-a7a02bafcd79","26","{""category"":[{""category_id"":""01ec011d-3163-4371-9054-8fb61ad30ab4"",""name"":""Irish"",""order"":81},{""category_id"":""250eaed6-2e53-446a-8810-d06819b580b6"",""name"":""Thai"",""order"":17},{""category_id"":""4e769b8f-bfc4-44d1-8931-f00f317a11b4"",""name"":""Andhra"",""order"":52},{""category_id"":""bc92c49e-8382-48aa-9e02-e1bf18e11188"",""name"":""Assyrian"",""order"":22},{""category_id"":""f931e2e8-6428-4654-a3a6-a584b509c4fc"",""name"":""English"",""order"":15},{""category_id"":""cfa152fe-4052-4c97-a557-485ce92d43d6"",""name"":""Irish"",""order"":69},{""category_id"":""d1f8cf79-b4be-4a19-a36b-c003413e3d24"",""name"":""American"",""order"":98}],""items"":[[],[],[],[]],""modifiers"":[{""modifiers_item_id"":""8de3a15c-2858-48e9-ad63-383fb77c77bb"",""name"":""moist"",""price"":32399,""is_default"":""f732a37a-6e91-4061-aa2c-79776cb68cf2"",""order"":35,""is_enable"":""fc8c438c-4f09-4567-bb9e-1d68bbaf70a4""},{""modifiers_item_id"":""3eb76c4a-fb70-43e9-8f9b-ede222c3beaf"",""name"":""tangy"",""price"":9146,""is_default"":""e294caf6-6bed-4cb2-89e6-f0c0fafe9b18"",""order"":48,""is_enable"":""a1ab3f9c-df10-4a02-813f-af78e8978177""},{""modifiers_item_id"":""be642477-be2d-4577-9120-e145860e9b2c"",""name"":""tangy"",""price"":49222,""is_default"":""0581d7d9-9576-428e-931e-314040b0dd2d"",""order"":195,""is_enable"":""63fead3a-f7ce-42c9-936b-c7ed3862c921""},{""modifiers_item_id"":""b6f909c9-5f7e-44f8-a03f-397c57ff202d"",""name"":""tender"",""price"":38335,""is_default"":""c3076cb2-6c41-4401-9068-3559c14e16c8"",""order"":147,""is_enable"":""518278d3-9278-4f12-bf07-eee96ed2e53b""},{""modifiers_item_id"":""74e04956-41c3-4c38-adef-a538a5eab05c"",""name"":""crunchy"",""price"":66997,""is_default"":""3ce431fb-d61c-424c-b8bf-5468355819b3"",""order"":106,""is_enable"":""a23ee6c5-7196-4e8f-a3ea-9e37a600ee4e""}]}","{""category"":[{""category_id"":""4a75d12c-1eb5-4568-9568-3ca3cb27c54b"",""name"":""Arab"",""order"":64},{""category_id"":""b2cc9f80-9eef-4979-9d8b-0ed0bb4e8709"",""name"":""Crimean Tatar"",""order"":15},{""category_id"":""9309bf69-ee99-457e-a883-3c0ea3eb9f35"",""name"":""Indonesian"",""order"":33},{""category_id"":""3d198fbe-8860-4e8f-9ed9-51aa89012a9c"",""name"":""Anglo-Indian"",""order"":39},{""category_id"":""d2eaf378-6296-4881-b18d-8bb984d3f2af"",""name"":""Arab"",""order"":41},{""category_id"":""54fd885a-829b-44c7-b206-a5456f75be42"",""name"":""Soviet"",""order"":14},{""category_id"":""990fff90-a646-4164-9cdd-1fb5a97656b2"",""name"":""Bulgarian"",""order"":92},{""category_id"":""6984ff66-b7ff-4df8-8a44-9fb9edbec0a0"",""name"":""Malaysian Chinese"",""order"":91},{""category_id"":""0d2b2efa-8458-4e2f-ab2a-ec5ef085def2"",""name"":""French"",""order"":10}],""items"":[[],[],[],[],[],[]],""modifiers"":[{""modifiers_item_id"":""5c7a34ca-ae8c-4ab3-abdf-3f5c591b8dae"",""name"":""crunchy"",""price"":73559,""is_default"":""7312f197-efe0-48c0-82bf-7ccae522d408"",""order"":16,""is_enable"":""d146d441-110b-4ba3-a9d0-2025696c4861""},{""modifiers_item_id"":""3ea7601e-1722-44d1-b57d-22ca76626b17"",""name"":""golden"",""price"":78461,""is_default"":""0804e09a-d5a1-4d31-8508-381a844ebb6e"",""order"":188,""is_enable"":""a6c8975c-f762-4baf-9041-a2cc456071d5""}]}"